TransactionID,ProductID,ProductName,Category,WarehouseID,SupplierID,Date,Quantity,UnitPrice,TotalValue,MovementType,StockLevel,ReorderPoint,SlowMoving
INV-0001,PRD-011,PCB Assembly,Electronics,WH-001,SUP-001,2024-05-20,135,1051.38,141936.7,Inbound,4517,144,Yes
INV-0002,PRD-010,Rice Basmati 25kg,Perishables,WH-004,SUP-001,2024-01-16,57,105.01,5985.72,Inbound,4647,201,Yes
INV-0003,PRD-012,Copper Wire 100m,Raw Materials,WH-005,SUP-007,2024-04-22,239,408.45,97620.36,Inbound,1357,457,No
INV-0004,PRD-007,Aluminium Sheet 2mm,Raw Materials,WH-003,SUP-005,2024-03-20,120,239.25,28710.44,Transfer,887,147,Yes
INV-0005,PRD-007,Aluminium Sheet 2mm,Raw Materials,WH-001,SUP-006,2024-06-25,319,202.89,64721.06,Inbound,3813,374,Yes
INV-0006,PRD-002,Steel Rod 10mm,Raw Materials,WH-004,SUP-002,2024-10-09,160,94.12,15059.98,Transfer,4779,198,Yes
INV-0007,PRD-012,Copper Wire 100m,Raw Materials,WH-001,SUP-001,2024-12-04,126,426.37,53723.14,Inbound,1957,151,Yes
INV-0008,PRD-007,Aluminium Sheet 2mm,Raw Materials,WH-003,SUP-008,2024-11-21,437,208.15,90963.16,Transfer,2960,207,Yes
INV-0009,PRD-011,PCB Assembly,Electronics,WH-003,SUP-002,2024-11-07,335,1037.06,347416.15,Outbound,1388,336,Yes
INV-0010,PRD-007,Aluminium Sheet 2mm,Raw Materials,WH-003,SUP-004,2024-12-16,176,233.25,41051.95,Inbound,1926,116,Yes
INV-0011,PRD-013,Stretch Film Roll,Packaging,WH-003,SUP-007,2024-05-17,43,61.93,2662.92,Transfer,1791,435,Yes
INV-0012,PRD-008,Bubble Wrap Roll,Packaging,WH-004,SUP-008,2024-03-14,145,42.07,6100.27,Transfer,4838,319,Yes
INV-0013,PRD-015,Sugar 50kg,Perishables,WH-005,SUP-007,2024-07-04,122,149.41,18228.4,Outbound,4224,352,Yes
INV-0014,PRD-002,Steel Rod 10mm,Raw Materials,WH-001,SUP-002,2024-03-19,331,79.9,26446.77,Adjustment,4935,132,Yes
INV-0015,PRD-007,Aluminium Sheet 2mm,Raw Materials,WH-004,SUP-008,2024-09-27,138,239.98,33117.46,Inbound,988,449,No
INV-0016,PRD-015,Sugar 50kg,Perishables,WH-005,SUP-005,2024-11-24,184,120.63,22195.08,Adjustment,1345,332,Yes
INV-0017,PRD-001,Microcontroller Board,Electronics,WH-003,SUP-003,2024-09-16,477,416.97,198895.27,Transfer,4208,411,Yes
INV-0018,PRD-004,Brake Pad Set,Automotive,WH-002,SUP-006,2024-03-23,286,364.28,104184.07,Inbound,4956,265,Yes
INV-0019,PRD-008,Bubble Wrap Roll,Packaging,WH-001,SUP-002,2024-07-04,459,51.58,23677.45,Transfer,2011,129,Yes
INV-0020,PRD-004,Brake Pad Set,Automotive,WH-005,SUP-002,2024-02-13,384,326.88,125521.63,Inbound,4413,492,Yes
INV-0021,PRD-003,Corrugated Box L,Packaging,WH-002,SUP-008,2024-10-08,94,11.6,1089.95,Adjustment,1785,376,Yes
INV-0022,PRD-013,Stretch Film Roll,Packaging,WH-002,SUP-005,2024-07-23,353,69.06,24378.36,Adjustment,4289,331,Yes
INV-0023,PRD-002,Steel Rod 10mm,Raw Materials,WH-002,SUP-004,2024-02-02,183,76.95,14081.3,Outbound,4870,212,Yes
INV-0024,PRD-001,Microcontroller Board,Electronics,WH-001,SUP-001,2024-04-27,44,506.86,22301.83,Transfer,630,363,No
INV-0025,PRD-004,Brake Pad Set,Automotive,WH-003,SUP-008,2024-04-19,286,298.58,85395.3,Adjustment,2040,342,Yes
INV-0026,PRD-013,Stretch Film Roll,Packaging,WH-004,SUP-004,2024-02-18,59,69.21,4083.3,Transfer,3519,310,Yes
INV-0027,PRD-008,Bubble Wrap Roll,Packaging,WH-001,SUP-002,2024-02-01,216,48.69,10517.56,Inbound,2086,198,Yes
INV-0028,PRD-004,Brake Pad Set,Automotive,WH-005,SUP-008,2024-03-12,226,302.68,68405.46,Adjustment,2096,138,Yes
INV-0029,PRD-008,Bubble Wrap Roll,Packaging,WH-005,SUP-002,2024-01-26,343,51.74,17747.48,Inbound,814,485,No
INV-0030,PRD-014,Alternator 12V,Automotive,WH-002,SUP-003,2024-07-27,258,908.1,234290.38,Adjustment,530,184,No
INV-0031,PRD-007,Aluminium Sheet 2mm,Raw Materials,WH-001,SUP-007,2024-05-15,484,230.16,111399.23,Adjustment,2386,316,Yes
INV-0032,PRD-012,Copper Wire 100m,Raw Materials,WH-005,SUP-008,2024-03-20,107,379.93,40652.4,Inbound,4794,476,Yes
INV-0033,PRD-009,Engine Filter,Automotive,WH-001,SUP-006,2024-01-30,35,585.78,20502.47,Outbound,515,360,No
INV-0034,PRD-002,Steel Rod 10mm,Raw Materials,WH-002,SUP-002,2024-10-31,44,90.85,3997.32,Outbound,3357,161,Yes
INV-0035,PRD-015,Sugar 50kg,Perishables,WH-005,SUP-004,2024-10-23,314,118.29,37143.56,Inbound,3484,436,Yes
INV-0036,PRD-010,Rice Basmati 25kg,Perishables,WH-005,SUP-006,2024-05-13,114,117.42,13385.59,Transfer,2005,235,Yes
INV-0037,PRD-007,Aluminium Sheet 2mm,Raw Materials,WH-002,SUP-005,2024-08-22,171,237.77,40659.26,Inbound,126,334,No
INV-0038,PRD-010,Rice Basmati 25kg,Perishables,WH-005,SUP-002,2024-02-07,285,104.86,29885.6,Transfer,1135,278,Yes
INV-0039,PRD-015,Sugar 50kg,Perishables,WH-001,SUP-004,2024-07-08,155,122.13,18929.65,Transfer,4383,104,Yes
INV-0040,PRD-011,PCB Assembly,Electronics,WH-005,SUP-005,2024-12-05,63,1248.21,78636.96,Outbound,2216,159,Yes
INV-0041,PRD-015,Sugar 50kg,Perishables,WH-001,SUP-003,2024-05-19,154,136.66,21045.17,Transfer,1717,451,Yes
INV-0042,PRD-011,PCB Assembly,Electronics,WH-003,SUP-008,2024-05-08,473,1239.74,586398.79,Inbound,806,424,No
INV-0043,PRD-007,Aluminium Sheet 2mm,Raw Materials,WH-003,SUP-001,2024-01-02,180,229.48,41307.08,Transfer,1373,479,No
INV-0044,PRD-008,Bubble Wrap Roll,Packaging,WH-005,SUP-007,2024-10-14,14,41.76,584.62,Outbound,4519,118,Yes
INV-0045,PRD-014,Alternator 12V,Automotive,WH-003,SUP-003,2024-08-08,75,810.31,60773.02,Transfer,376,283,No
INV-0046,PRD-004,Brake Pad Set,Automotive,WH-002,SUP-002,2024-06-30,409,332.79,136111.39,Adjustment,1316,221,Yes
INV-0047,PRD-014,Alternator 12V,Automotive,WH-002,SUP-003,2024-07-30,22,840.91,18499.97,Transfer,3422,442,Yes
INV-0048,PRD-014,Alternator 12V,Automotive,WH-002,SUP-005,2024-03-22,413,957.03,395255.21,Adjustment,367,340,No
INV-0049,PRD-004,Brake Pad Set,Automotive,WH-002,SUP-008,2024-06-28,166,353.64,58704.72,Outbound,1876,112,Yes
INV-0050,PRD-011,PCB Assembly,Electronics,WH-002,SUP-007,2024-06-17,152,1227.7,186609.95,Transfer,2926,428,Yes
INV-0051,PRD-009,Engine Filter,Automotive,WH-004,SUP-006,2024-01-15,69,626.79,43248.19,Transfer,1512,397,Yes
INV-0052,PRD-005,Wheat Flour 50kg,Perishables,WH-001,SUP-002,2024-11-01,232,138.1,32038.98,Transfer,3624,410,Yes
INV-0053,PRD-009,Engine Filter,Automotive,WH-001,SUP-007,2024-10-22,107,539.66,57743.74,Adjustment,63,366,No
INV-0054,PRD-015,Sugar 50kg,Perishables,WH-005,SUP-004,2024-07-05,230,119.27,27433.05,Transfer,2621,439,Yes
INV-0055,PRD-014,Alternator 12V,Automotive,WH-001,SUP-005,2024-09-16,168,949.38,159496.46,Transfer,3346,456,Yes
INV-0056,PRD-005,Wheat Flour 50kg,Perishables,WH-005,SUP-003,2024-04-08,225,149.27,33586.32,Adjustment,1475,415,Yes
INV-0057,PRD-010,Rice Basmati 25kg,Perishables,WH-003,SUP-007,2024-10-07,436,99.01,43168.87,Transfer,1771,320,Yes
INV-0058,PRD-013,Stretch Film Roll,Packaging,WH-005,SUP-006,2024-08-26,236,65.69,15501.68,Outbound,4237,342,Yes
INV-0059,PRD-013,Stretch Film Roll,Packaging,WH-002,SUP-002,2024-05-25,273,69.29,18915.52,Transfer,815,484,No
INV-0060,PRD-004,Brake Pad Set,Automotive,WH-003,SUP-004,2024-04-11,85,289.95,24646.09,Outbound,3942,412,Yes
INV-0061,PRD-014,Alternator 12V,Automotive,WH-001,SUP-008,2024-07-31,463,941.12,435739.86,Outbound,3195,353,Yes
INV-0062,PRD-007,Aluminium Sheet 2mm,Raw Materials,WH-002,SUP-003,2024-12-01,362,189.29,68523.38,Inbound,3532,212,Yes
INV-0063,PRD-003,Corrugated Box L,Packaging,WH-005,SUP-008,2024-01-26,295,11.55,3406.54,Inbound,3789,168,Yes
INV-0064,PRD-013,Stretch Film Roll,Packaging,WH-004,SUP-006,2024-08-14,323,71.74,23173.27,Adjustment,4538,328,Yes
INV-0065,PRD-015,Sugar 50kg,Perishables,WH-002,SUP-008,2024-08-18,142,141.43,20083.45,Transfer,4320,348,Yes
INV-0066,PRD-011,PCB Assembly,Electronics,WH-002,SUP-005,2024-08-13,49,1186.22,58125.02,Outbound,2275,271,Yes
INV-0067,PRD-006,Sensor Module v2,Electronics,WH-005,SUP-002,2024-03-11,87,747.1,64997.35,Outbound,1802,132,Yes
INV-0068,PRD-007,Aluminium Sheet 2mm,Raw Materials,WH-004,SUP-006,2024-10-04,248,210.83,52285.38,Outbound,3491,299,Yes
INV-0069,PRD-015,Sugar 50kg,Perishables,WH-005,SUP-001,2024-10-21,204,132.5,27030.38,Transfer,2496,485,Yes
INV-0070,PRD-007,Aluminium Sheet 2mm,Raw Materials,WH-004,SUP-004,2024-09-06,122,203.33,24806.15,Adjustment,287,299,No
INV-0071,PRD-006,Sensor Module v2,Electronics,WH-004,SUP-003,2024-08-27,480,726.89,348905.96,Inbound,3277,403,Yes
INV-0072,PRD-010,Rice Basmati 25kg,Perishables,WH-001,SUP-002,2024-11-25,229,102.73,23525.57,Adjustment,1538,125,Yes
INV-0073,PRD-005,Wheat Flour 50kg,Perishables,WH-004,SUP-006,2024-04-18,242,137.44,33260.38,Adjustment,2329,485,Yes
INV-0074,PRD-014,Alternator 12V,Automotive,WH-004,SUP-005,2024-02-11,250,805.31,201328.2,Inbound,2916,214,Yes
INV-0075,PRD-011,PCB Assembly,Electronics,WH-001,SUP-001,2024-01-16,496,1058.0,524769.44,Inbound,1298,222,Yes
INV-0076,PRD-003,Corrugated Box L,Packaging,WH-004,SUP-002,2024-10-15,495,11.45,5669.68,Transfer,3071,185,Yes
INV-0077,PRD-010,Rice Basmati 25kg,Perishables,WH-005,SUP-002,2024-03-24,169,101.97,17233.39,Inbound,2605,394,Yes
INV-0078,PRD-011,PCB Assembly,Electronics,WH-004,SUP-007,2024-04-11,48,1152.83,55335.69,Outbound,884,456,No
INV-0079,PRD-013,Stretch Film Roll,Packaging,WH-003,SUP-002,2024-10-16,410,59.17,24258.62,Adjustment,3085,135,Yes
INV-0080,PRD-009,Engine Filter,Automotive,WH-003,SUP-001,2024-08-03,431,572.63,246802.77,Adjustment,3017,425,Yes
INV-0081,PRD-015,Sugar 50kg,Perishables,WH-004,SUP-003,2024-08-10,100,140.85,14084.83,Transfer,4458,496,Yes
INV-0082,PRD-008,Bubble Wrap Roll,Packaging,WH-004,SUP-007,2024-10-30,147,44.13,6486.51,Outbound,759,242,Yes
INV-0083,PRD-015,Sugar 50kg,Perishables,WH-004,SUP-004,2024-08-25,301,136.84,41187.57,Adjustment,2805,114,Yes
INV-0084,PRD-008,Bubble Wrap Roll,Packaging,WH-003,SUP-003,2024-09-06,118,44.49,5250.03,Transfer,2838,243,Yes
INV-0085,PRD-015,Sugar 50kg,Perishables,WH-005,SUP-005,2024-10-11,15,133.79,2006.86,Outbound,751,223,Yes
INV-0086,PRD-012,Copper Wire 100m,Raw Materials,WH-004,SUP-008,2024-10-11,398,374.43,149023.77,Adjustment,4070,329,Yes
INV-0087,PRD-013,Stretch Film Roll,Packaging,WH-001,SUP-002,2024-05-30,123,65.07,8003.8,Outbound,2558,439,Yes
INV-0088,PRD-010,Rice Basmati 25kg,Perishables,WH-003,SUP-008,2024-10-10,281,108.45,30475.39,Transfer,2932,459,Yes
INV-0089,PRD-008,Bubble Wrap Roll,Packaging,WH-003,SUP-005,2024-05-08,128,41.86,5357.74,Outbound,2634,161,Yes
INV-0090,PRD-012,Copper Wire 100m,Raw Materials,WH-005,SUP-003,2024-04-08,120,423.01,50761.67,Transfer,4879,489,Yes
INV-0091,PRD-009,Engine Filter,Automotive,WH-005,SUP-005,2024-02-21,436,531.18,231592.94,Outbound,3006,191,Yes
INV-0092,PRD-005,Wheat Flour 50kg,Perishables,WH-001,SUP-003,2024-05-20,33,160.1,5283.31,Transfer,1084,426,No
INV-0093,PRD-014,Alternator 12V,Automotive,WH-004,SUP-002,2024-01-07,303,864.27,261872.45,Adjustment,3658,274,Yes
INV-0094,PRD-003,Corrugated Box L,Packaging,WH-001,SUP-005,2024-09-01,68,13.27,902.11,Adjustment,4078,137,Yes
INV-0095,PRD-010,Rice Basmati 25kg,Perishables,WH-001,SUP-003,2024-03-17,425,114.48,48653.19,Transfer,747,227,Yes
INV-0096,PRD-002,Steel Rod 10mm,Raw Materials,WH-005,SUP-007,2024-11-06,315,93.3,29390.52,Outbound,4330,294,Yes
INV-0097,PRD-008,Bubble Wrap Roll,Packaging,WH-004,SUP-005,2024-10-28,229,43.94,10061.24,Inbound,862,490,No
INV-0098,PRD-004,Brake Pad Set,Automotive,WH-002,SUP-005,2024-12-04,51,300.56,15328.79,Outbound,4571,138,Yes
INV-0099,PRD-003,Corrugated Box L,Packaging,WH-001,SUP-007,2024-08-18,362,12.58,4554.48,Transfer,317,218,No
INV-0100,PRD-005,Wheat Flour 50kg,Perishables,WH-003,SUP-008,2024-02-06,361,134.17,48435.31,Transfer,4881,438,Yes
INV-0101,PRD-013,Stretch Film Roll,Packaging,WH-002,SUP-007,2024-02-28,288,62.15,17900.11,Outbound,2226,172,Yes
INV-0102,PRD-002,Steel Rod 10mm,Raw Materials,WH-001,SUP-003,2024-06-06,314,92.42,29018.42,Transfer,3647,163,Yes
INV-0103,PRD-008,Bubble Wrap Roll,Packaging,WH-003,SUP-007,2024-05-19,266,46.57,12388.89,Adjustment,708,406,No
INV-0104,PRD-001,Microcontroller Board,Electronics,WH-004,SUP-006,2024-11-05,138,407.91,56291.55,Outbound,4762,400,Yes
INV-0105,PRD-001,Microcontroller Board,Electronics,WH-003,SUP-001,2024-03-30,250,463.38,115845.86,Adjustment,2328,192,Yes
INV-0106,PRD-010,Rice Basmati 25kg,Perishables,WH-004,SUP-008,2024-02-16,250,108.57,27142.23,Transfer,2680,443,Yes
INV-0107,PRD-002,Steel Rod 10mm,Raw Materials,WH-002,SUP-006,2024-07-29,365,87.03,31765.48,Adjustment,4556,118,Yes
INV-0108,PRD-008,Bubble Wrap Roll,Packaging,WH-001,SUP-006,2024-05-09,175,41.8,7315.72,Adjustment,4265,100,Yes
INV-0109,PRD-011,PCB Assembly,Electronics,WH-005,SUP-008,2024-07-30,37,1041.59,38538.65,Transfer,4133,420,Yes
INV-0110,PRD-008,Bubble Wrap Roll,Packaging,WH-001,SUP-004,2024-05-16,291,41.97,12214.4,Transfer,3639,457,Yes
INV-0111,PRD-008,Bubble Wrap Roll,Packaging,WH-001,SUP-001,2024-11-18,321,49.49,15887.02,Outbound,2595,382,Yes
INV-0112,PRD-001,Microcontroller Board,Electronics,WH-005,SUP-007,2024-02-17,125,516.63,64578.62,Inbound,3830,160,Yes
INV-0113,PRD-011,PCB Assembly,Electronics,WH-002,SUP-008,2024-05-29,270,1183.99,319676.81,Adjustment,4002,341,Yes
INV-0114,PRD-004,Brake Pad Set,Automotive,WH-004,SUP-003,2024-07-15,107,361.75,38707.19,Outbound,621,241,No
INV-0115,PRD-013,Stretch Film Roll,Packaging,WH-004,SUP-006,2024-09-16,146,71.83,10487.75,Transfer,2495,400,Yes
INV-0116,PRD-010,Rice Basmati 25kg,Perishables,WH-004,SUP-003,2024-08-16,285,112.32,32011.03,Transfer,4571,490,Yes
INV-0117,PRD-009,Engine Filter,Automotive,WH-004,SUP-008,2024-06-13,455,530.41,241337.16,Outbound,4734,296,Yes
INV-0118,PRD-004,Brake Pad Set,Automotive,WH-004,SUP-001,2024-06-11,391,325.84,127402.7,Adjustment,3212,439,Yes
INV-0119,PRD-013,Stretch Film Roll,Packaging,WH-002,SUP-008,2024-01-19,74,66.66,4933.01,Transfer,872,325,No
INV-0120,PRD-002,Steel Rod 10mm,Raw Materials,WH-005,SUP-008,2024-01-08,379,79.56,30154.49,Outbound,662,340,No
INV-0121,PRD-013,Stretch Film Roll,Packaging,WH-003,SUP-006,2024-11-15,364,64.96,23645.11,Inbound,2741,445,Yes
INV-0122,PRD-014,Alternator 12V,Automotive,WH-005,SUP-007,2024-06-11,330,960.91,317101.83,Adjustment,4482,118,Yes
INV-0123,PRD-010,Rice Basmati 25kg,Perishables,WH-001,SUP-004,2024-11-19,360,124.33,44757.2,Outbound,790,322,No
INV-0124,PRD-002,Steel Rod 10mm,Raw Materials,WH-001,SUP-008,2024-03-26,365,82.86,30245.23,Inbound,426,266,No
INV-0125,PRD-013,Stretch Film Roll,Packaging,WH-001,SUP-005,2024-07-02,201,65.5,13165.23,Outbound,4401,310,Yes
INV-0126,PRD-010,Rice Basmati 25kg,Perishables,WH-002,SUP-003,2024-03-30,50,115.76,5788.05,Adjustment,2022,354,Yes
INV-0127,PRD-015,Sugar 50kg,Perishables,WH-005,SUP-003,2024-04-28,246,137.73,33882.05,Adjustment,2141,441,Yes
INV-0128,PRD-001,Microcontroller Board,Electronics,WH-004,SUP-005,2024-12-12,289,422.77,122181.18,Adjustment,2880,400,Yes
INV-0129,PRD-005,Wheat Flour 50kg,Perishables,WH-004,SUP-005,2024-08-21,442,136.57,60365.82,Adjustment,4008,154,Yes
INV-0130,PRD-004,Brake Pad Set,Automotive,WH-004,SUP-006,2024-10-21,161,367.42,59153.87,Transfer,229,437,No
INV-0131,PRD-007,Aluminium Sheet 2mm,Raw Materials,WH-003,SUP-001,2024-10-16,452,225.0,101702.02,Inbound,4119,246,Yes
INV-0132,PRD-013,Stretch Film Roll,Packaging,WH-002,SUP-006,2024-04-22,335,61.59,20632.53,Transfer,1170,421,No
INV-0133,PRD-002,Steel Rod 10mm,Raw Materials,WH-001,SUP-005,2024-08-13,27,88.82,2398.03,Outbound,788,251,Yes
INV-0134,PRD-006,Sensor Module v2,Electronics,WH-004,SUP-003,2024-04-12,77,855.37,65863.49,Transfer,4398,356,Yes
INV-0135,PRD-015,Sugar 50kg,Perishables,WH-003,SUP-003,2024-05-11,477,143.8,68593.75,Adjustment,2467,482,Yes
INV-0136,PRD-014,Alternator 12V,Automotive,WH-003,SUP-002,2024-08-27,48,832.32,39951.28,Outbound,3305,385,Yes
INV-0137,PRD-006,Sensor Module v2,Electronics,WH-001,SUP-007,2024-01-08,145,806.63,116961.58,Adjustment,3069,444,Yes
INV-0138,PRD-012,Copper Wire 100m,Raw Materials,WH-003,SUP-007,2024-11-22,491,387.22,190124.37,Outbound,3912,112,Yes
INV-0139,PRD-010,Rice Basmati 25kg,Perishables,WH-005,SUP-006,2024-11-08,123,116.81,14367.68,Adjustment,2525,432,Yes
INV-0140,PRD-007,Aluminium Sheet 2mm,Raw Materials,WH-001,SUP-003,2024-01-24,494,190.95,94331.1,Adjustment,1001,149,Yes
INV-0141,PRD-004,Brake Pad Set,Automotive,WH-005,SUP-003,2024-07-17,242,317.68,76878.78,Adjustment,4861,480,Yes
INV-0142,PRD-012,Copper Wire 100m,Raw Materials,WH-002,SUP-007,2024-12-01,60,432.29,25937.1,Adjustment,2341,116,Yes
INV-0143,PRD-012,Copper Wire 100m,Raw Materials,WH-003,SUP-004,2024-08-15,237,443.68,105151.95,Transfer,863,451,No
INV-0144,PRD-006,Sensor Module v2,Electronics,WH-005,SUP-006,2024-02-01,213,755.8,160984.74,Inbound,3775,146,Yes
INV-0145,PRD-011,PCB Assembly,Electronics,WH-002,SUP-001,2024-01-26,412,1081.72,445666.59,Outbound,4675,205,Yes
INV-0146,PRD-002,Steel Rod 10mm,Raw Materials,WH-005,SUP-004,2024-10-27,120,93.78,11253.29,Outbound,2741,496,Yes
INV-0147,PRD-003,Corrugated Box L,Packaging,WH-005,SUP-001,2024-05-21,449,13.75,6174.69,Outbound,4475,228,Yes
INV-0148,PRD-013,Stretch Film Roll,Packaging,WH-002,SUP-002,2024-12-04,453,58.92,26690.27,Inbound,2984,221,Yes
INV-0149,PRD-010,Rice Basmati 25kg,Perishables,WH-003,SUP-001,2024-03-30,145,100.44,14563.94,Adjustment,4359,158,Yes
INV-0150,PRD-012,Copper Wire 100m,Raw Materials,WH-001,SUP-008,2024-08-17,408,386.3,157609.91,Inbound,3752,357,Yes
INV-0151,PRD-004,Brake Pad Set,Automotive,WH-005,SUP-001,2024-12-03,276,312.13,86148.0,Inbound,548,345,No
INV-0152,PRD-014,Alternator 12V,Automotive,WH-004,SUP-007,2024-12-17,65,910.08,59155.51,Adjustment,652,141,Yes
INV-0153,PRD-006,Sensor Module v2,Electronics,WH-005,SUP-003,2024-02-03,74,755.63,55916.48,Transfer,3170,405,Yes
INV-0154,PRD-009,Engine Filter,Automotive,WH-003,SUP-008,2024-09-15,319,564.23,179988.7,Inbound,4566,469,Yes
INV-0155,PRD-014,Alternator 12V,Automotive,WH-002,SUP-007,2024-08-19,464,851.84,395253.68,Transfer,3765,304,Yes
INV-0156,PRD-007,Aluminium Sheet 2mm,Raw Materials,WH-001,SUP-006,2024-08-06,170,223.92,38066.09,Transfer,1300,451,No
INV-0157,PRD-015,Sugar 50kg,Perishables,WH-004,SUP-002,2024-02-16,435,119.77,52101.84,Adjustment,841,481,No
INV-0158,PRD-012,Copper Wire 100m,Raw Materials,WH-003,SUP-003,2024-10-11,40,408.18,16327.21,Transfer,1051,310,Yes
INV-0159,PRD-006,Sensor Module v2,Electronics,WH-004,SUP-001,2024-05-27,317,762.93,241848.03,Inbound,4784,359,Yes
INV-0160,PRD-004,Brake Pad Set,Automotive,WH-002,SUP-008,2024-04-24,443,296.66,131419.26,Transfer,991,490,No
INV-0161,PRD-005,Wheat Flour 50kg,Perishables,WH-005,SUP-004,2024-08-07,442,145.63,64370.14,Inbound,2240,114,Yes
INV-0162,PRD-003,Corrugated Box L,Packaging,WH-003,SUP-005,2024-06-22,189,10.82,2044.66,Outbound,4689,436,Yes
INV-0163,PRD-007,Aluminium Sheet 2mm,Raw Materials,WH-001,SUP-003,2024-11-20,25,193.82,4845.43,Outbound,3131,314,Yes
INV-0164,PRD-008,Bubble Wrap Roll,Packaging,WH-003,SUP-003,2024-07-08,169,48.62,8216.43,Inbound,480,179,No
INV-0165,PRD-003,Corrugated Box L,Packaging,WH-005,SUP-001,2024-12-11,51,11.62,592.43,Adjustment,4028,410,Yes
INV-0166,PRD-008,Bubble Wrap Roll,Packaging,WH-004,SUP-005,2024-04-20,396,46.26,18320.5,Transfer,3571,156,Yes
INV-0167,PRD-005,Wheat Flour 50kg,Perishables,WH-005,SUP-008,2024-09-26,351,136.79,48014.93,Outbound,3287,406,Yes
INV-0168,PRD-001,Microcontroller Board,Electronics,WH-001,SUP-004,2024-06-03,494,428.76,211809.33,Outbound,2143,248,Yes
INV-0169,PRD-006,Sensor Module v2,Electronics,WH-001,SUP-001,2024-09-11,392,785.98,308103.27,Outbound,3164,372,Yes
INV-0170,PRD-012,Copper Wire 100m,Raw Materials,WH-002,SUP-006,2024-02-06,213,435.02,92659.69,Inbound,3623,109,Yes
INV-0171,PRD-008,Bubble Wrap Roll,Packaging,WH-001,SUP-006,2024-10-21,229,46.95,10751.72,Adjustment,2421,158,Yes
INV-0172,PRD-007,Aluminium Sheet 2mm,Raw Materials,WH-001,SUP-006,2024-03-28,420,238.75,100274.9,Adjustment,3014,145,Yes
INV-0173,PRD-007,Aluminium Sheet 2mm,Raw Materials,WH-001,SUP-004,2024-08-11,311,210.02,65317.34,Inbound,3292,258,Yes
INV-0174,PRD-012,Copper Wire 100m,Raw Materials,WH-003,SUP-004,2024-06-19,408,367.39,149896.32,Inbound,4396,361,Yes
INV-0175,PRD-004,Brake Pad Set,Automotive,WH-003,SUP-006,2024-11-26,427,299.82,128021.08,Inbound,1249,231,Yes
INV-0176,PRD-004,Brake Pad Set,Automotive,WH-002,SUP-003,2024-12-01,48,302.17,14504.24,Adjustment,3850,486,Yes
INV-0177,PRD-010,Rice Basmati 25kg,Perishables,WH-005,SUP-008,2024-12-14,483,123.26,59532.8,Transfer,2639,177,Yes
INV-0178,PRD-008,Bubble Wrap Roll,Packaging,WH-001,SUP-008,2024-08-14,333,43.91,14620.94,Transfer,4894,128,Yes
INV-0179,PRD-006,Sensor Module v2,Electronics,WH-005,SUP-002,2024-06-07,246,790.12,194370.31,Inbound,3070,246,Yes
INV-0180,PRD-002,Steel Rod 10mm,Raw Materials,WH-001,SUP-007,2024-08-24,307,88.28,27101.72,Inbound,3734,392,Yes
INV-0181,PRD-011,PCB Assembly,Electronics,WH-002,SUP-006,2024-11-05,253,1127.88,285352.63,Inbound,3740,152,Yes
INV-0182,PRD-013,Stretch Film Roll,Packaging,WH-003,SUP-002,2024-09-15,340,61.3,20843.39,Outbound,3636,324,Yes
INV-0183,PRD-009,Engine Filter,Automotive,WH-005,SUP-003,2024-07-05,200,632.51,126502.23,Adjustment,3398,496,Yes
INV-0184,PRD-006,Sensor Module v2,Electronics,WH-005,SUP-001,2024-11-19,341,767.26,261634.51,Transfer,824,385,No
INV-0185,PRD-011,PCB Assembly,Electronics,WH-004,SUP-005,2024-05-09,380,1224.18,465188.67,Outbound,2780,141,Yes
INV-0186,PRD-010,Rice Basmati 25kg,Perishables,WH-002,SUP-006,2024-06-07,345,118.21,40781.83,Adjustment,1106,404,No
INV-0187,PRD-012,Copper Wire 100m,Raw Materials,WH-001,SUP-005,2024-10-13,202,413.74,83575.6,Transfer,1096,443,No
INV-0188,PRD-012,Copper Wire 100m,Raw Materials,WH-005,SUP-002,2024-11-26,353,392.28,138475.59,Transfer,199,285,No
INV-0189,PRD-005,Wheat Flour 50kg,Perishables,WH-002,SUP-004,2024-06-23,495,152.82,75643.66,Outbound,1905,170,Yes
INV-0190,PRD-003,Corrugated Box L,Packaging,WH-001,SUP-005,2024-02-21,269,13.11,3527.3,Inbound,2808,492,Yes
INV-0191,PRD-010,Rice Basmati 25kg,Perishables,WH-002,SUP-007,2024-03-19,93,103.97,9669.51,Outbound,3635,122,Yes
INV-0192,PRD-007,Aluminium Sheet 2mm,Raw Materials,WH-003,SUP-004,2024-08-15,322,203.96,65674.71,Adjustment,1966,373,Yes
INV-0193,PRD-004,Brake Pad Set,Automotive,WH-003,SUP-008,2024-04-09,198,342.26,67768.38,Adjustment,3832,493,Yes
INV-0194,PRD-005,Wheat Flour 50kg,Perishables,WH-004,SUP-007,2024-03-23,428,132.99,56919.47,Outbound,2098,126,Yes
INV-0195,PRD-011,PCB Assembly,Electronics,WH-004,SUP-006,2024-10-10,488,1018.21,496887.54,Inbound,2385,142,Yes
INV-0196,PRD-013,Stretch Film Roll,Packaging,WH-002,SUP-005,2024-08-18,473,66.84,31616.26,Adjustment,801,213,Yes
INV-0197,PRD-014,Alternator 12V,Automotive,WH-004,SUP-006,2024-01-14,222,812.85,180452.62,Transfer,1981,297,Yes
INV-0198,PRD-002,Steel Rod 10mm,Raw Materials,WH-003,SUP-004,2024-01-15,173,96.28,16656.45,Transfer,1246,170,Yes
INV-0199,PRD-001,Microcontroller Board,Electronics,WH-003,SUP-008,2024-12-22,435,420.61,182967.17,Adjustment,3724,415,Yes
INV-0200,PRD-001,Microcontroller Board,Electronics,WH-001,SUP-001,2024-05-11,120,498.93,59872.0,Adjustment,960,497,No
INV-0201,PRD-005,Wheat Flour 50kg,Perishables,WH-002,SUP-005,2024-03-03,34,134.35,4567.74,Adjustment,564,156,Yes
INV-0202,PRD-014,Alternator 12V,Automotive,WH-004,SUP-001,2024-11-19,273,928.95,253602.82,Outbound,2436,319,Yes
INV-0203,PRD-001,Microcontroller Board,Electronics,WH-005,SUP-006,2024-05-03,302,451.86,136462.88,Inbound,4338,284,Yes
INV-0204,PRD-002,Steel Rod 10mm,Raw Materials,WH-005,SUP-001,2024-07-18,457,86.49,39526.1,Adjustment,3108,229,Yes
INV-0205,PRD-012,Copper Wire 100m,Raw Materials,WH-001,SUP-006,2024-02-04,186,374.51,69658.82,Inbound,4816,476,Yes
INV-0206,PRD-013,Stretch Film Roll,Packaging,WH-003,SUP-003,2024-01-23,190,67.37,12800.82,Outbound,3856,456,Yes
INV-0207,PRD-008,Bubble Wrap Roll,Packaging,WH-002,SUP-003,2024-02-02,376,49.23,18511.29,Adjustment,352,250,No
INV-0208,PRD-004,Brake Pad Set,Automotive,WH-001,SUP-004,2024-01-22,171,362.67,62016.52,Adjustment,4498,342,Yes
INV-0209,PRD-005,Wheat Flour 50kg,Perishables,WH-001,SUP-004,2024-05-26,192,156.17,29985.57,Inbound,2769,239,Yes
INV-0210,PRD-002,Steel Rod 10mm,Raw Materials,WH-003,SUP-007,2024-07-23,390,85.84,33479.32,Adjustment,2827,195,Yes
INV-0211,PRD-008,Bubble Wrap Roll,Packaging,WH-004,SUP-006,2024-09-22,146,49.51,7228.89,Adjustment,696,320,No
INV-0212,PRD-010,Rice Basmati 25kg,Perishables,WH-002,SUP-005,2024-06-13,62,101.2,6274.52,Transfer,2560,328,Yes
INV-0213,PRD-010,Rice Basmati 25kg,Perishables,WH-004,SUP-003,2024-12-19,237,108.67,25754.21,Inbound,2938,414,Yes
INV-0214,PRD-007,Aluminium Sheet 2mm,Raw Materials,WH-003,SUP-001,2024-02-08,353,222.47,78531.7,Transfer,4253,483,Yes
INV-0215,PRD-011,PCB Assembly,Electronics,WH-002,SUP-001,2024-03-14,444,1157.08,513744.65,Adjustment,335,164,No
INV-0216,PRD-002,Steel Rod 10mm,Raw Materials,WH-002,SUP-006,2024-07-04,206,96.68,19915.29,Inbound,1306,447,No
INV-0217,PRD-008,Bubble Wrap Roll,Packaging,WH-003,SUP-006,2024-08-15,400,41.36,16545.98,Outbound,4387,287,Yes
INV-0218,PRD-007,Aluminium Sheet 2mm,Raw Materials,WH-003,SUP-005,2024-05-07,68,190.36,12944.51,Outbound,4138,365,Yes
INV-0219,PRD-007,Aluminium Sheet 2mm,Raw Materials,WH-005,SUP-002,2024-05-14,406,202.67,82282.08,Adjustment,1807,413,Yes
INV-0220,PRD-005,Wheat Flour 50kg,Perishables,WH-004,SUP-004,2024-03-03,79,155.85,12312.06,Adjustment,1464,465,Yes
INV-0221,PRD-008,Bubble Wrap Roll,Packaging,WH-001,SUP-006,2024-12-07,187,48.48,9066.2,Transfer,2507,180,Yes
INV-0222,PRD-012,Copper Wire 100m,Raw Materials,WH-002,SUP-006,2024-09-17,124,362.83,44991.27,Outbound,1187,221,Yes
INV-0223,PRD-013,Stretch Film Roll,Packaging,WH-004,SUP-001,2024-07-03,293,67.8,19865.26,Adjustment,4569,166,Yes
INV-0224,PRD-010,Rice Basmati 25kg,Perishables,WH-001,SUP-002,2024-06-07,213,126.49,26942.13,Adjustment,4356,310,Yes
INV-0225,PRD-013,Stretch Film Roll,Packaging,WH-004,SUP-002,2024-03-05,172,68.94,11857.34,Adjustment,3866,448,Yes
INV-0226,PRD-009,Engine Filter,Automotive,WH-003,SUP-003,2024-10-09,337,586.29,197579.74,Outbound,3594,357,Yes
INV-0227,PRD-015,Sugar 50kg,Perishables,WH-001,SUP-002,2024-09-22,88,126.88,11165.8,Outbound,2693,463,Yes
INV-0228,PRD-004,Brake Pad Set,Automotive,WH-003,SUP-005,2024-02-10,138,303.7,41911.17,Transfer,1075,420,No
INV-0229,PRD-005,Wheat Flour 50kg,Perishables,WH-005,SUP-002,2024-09-14,338,131.9,44582.96,Outbound,1452,437,Yes
INV-0230,PRD-010,Rice Basmati 25kg,Perishables,WH-005,SUP-006,2024-10-15,31,121.69,3772.51,Inbound,715,123,Yes
INV-0231,PRD-011,PCB Assembly,Electronics,WH-005,SUP-005,2024-11-29,117,1200.91,140506.91,Adjustment,298,354,No
INV-0232,PRD-015,Sugar 50kg,Perishables,WH-005,SUP-005,2024-11-24,499,126.82,63282.21,Outbound,3376,252,Yes
INV-0233,PRD-008,Bubble Wrap Roll,Packaging,WH-001,SUP-001,2024-03-21,235,45.18,10616.3,Adjustment,1721,274,Yes
INV-0234,PRD-010,Rice Basmati 25kg,Perishables,WH-002,SUP-006,2024-06-12,385,126.17,48575.7,Transfer,3316,166,Yes
INV-0235,PRD-013,Stretch Film Roll,Packaging,WH-003,SUP-002,2024-06-12,133,66.08,8788.66,Transfer,3733,226,Yes
INV-0236,PRD-003,Corrugated Box L,Packaging,WH-001,SUP-001,2024-05-28,494,11.95,5904.51,Adjustment,2083,181,Yes
INV-0237,PRD-014,Alternator 12V,Automotive,WH-003,SUP-006,2024-04-07,400,836.45,334581.47,Adjustment,4135,257,Yes
INV-0238,PRD-008,Bubble Wrap Roll,Packaging,WH-001,SUP-002,2024-07-20,268,45.64,12232.55,Outbound,1812,398,Yes
INV-0239,PRD-006,Sensor Module v2,Electronics,WH-001,SUP-001,2024-05-24,263,818.52,215269.75,Adjustment,2390,374,Yes
INV-0240,PRD-001,Microcontroller Board,Electronics,WH-001,SUP-007,2024-03-09,461,434.75,200421.23,Transfer,3353,287,Yes
INV-0241,PRD-001,Microcontroller Board,Electronics,WH-004,SUP-001,2024-10-18,297,426.9,126788.92,Transfer,652,297,No
INV-0242,PRD-009,Engine Filter,Automotive,WH-004,SUP-005,2024-11-15,358,589.55,211057.48,Outbound,842,301,No
INV-0243,PRD-006,Sensor Module v2,Electronics,WH-003,SUP-006,2024-03-14,111,819.48,90962.31,Adjustment,4146,120,Yes
INV-0244,PRD-001,Microcontroller Board,Electronics,WH-001,SUP-003,2024-12-31,180,495.45,89180.31,Adjustment,1270,410,Yes
INV-0245,PRD-015,Sugar 50kg,Perishables,WH-005,SUP-003,2024-06-16,486,136.92,66545.41,Outbound,3269,415,Yes
INV-0246,PRD-012,Copper Wire 100m,Raw Materials,WH-003,SUP-006,2024-09-16,434,400.7,173902.55,Adjustment,4661,253,Yes
INV-0247,PRD-008,Bubble Wrap Roll,Packaging,WH-001,SUP-006,2024-06-18,354,41.73,14773.5,Adjustment,4831,257,Yes
INV-0248,PRD-013,Stretch Film Roll,Packaging,WH-001,SUP-008,2024-05-15,345,71.22,24571.66,Outbound,470,398,No
INV-0249,PRD-008,Bubble Wrap Roll,Packaging,WH-002,SUP-007,2024-03-16,430,48.16,20708.02,Inbound,4740,458,Yes
INV-0250,PRD-002,Steel Rod 10mm,Raw Materials,WH-002,SUP-001,2024-08-13,170,85.4,14517.84,Adjustment,1720,310,Yes
INV-0251,PRD-009,Engine Filter,Automotive,WH-005,SUP-008,2024-02-01,371,523.33,194156.0,Outbound,4644,266,Yes
INV-0252,PRD-011,PCB Assembly,Electronics,WH-004,SUP-007,2024-06-09,499,1037.63,517774.96,Transfer,4525,281,Yes
INV-0253,PRD-011,PCB Assembly,Electronics,WH-003,SUP-008,2024-04-08,500,1057.79,528896.38,Transfer,1892,252,Yes
INV-0254,PRD-013,Stretch Film Roll,Packaging,WH-003,SUP-004,2024-12-19,370,66.45,24585.13,Adjustment,2907,386,Yes
INV-0255,PRD-015,Sugar 50kg,Perishables,WH-003,SUP-005,2024-03-03,303,138.99,42114.04,Adjustment,3282,276,Yes
INV-0256,PRD-013,Stretch Film Roll,Packaging,WH-002,SUP-005,2024-01-22,157,74.02,11621.74,Inbound,2887,326,Yes
INV-0257,PRD-011,PCB Assembly,Electronics,WH-003,SUP-008,2024-04-19,113,1217.69,137598.6,Transfer,4654,456,Yes
INV-0258,PRD-005,Wheat Flour 50kg,Perishables,WH-002,SUP-002,2024-11-11,389,146.54,57003.7,Outbound,465,442,No
INV-0259,PRD-015,Sugar 50kg,Perishables,WH-005,SUP-004,2024-11-22,129,118.71,15313.07,Adjustment,2755,467,Yes
INV-0260,PRD-008,Bubble Wrap Roll,Packaging,WH-001,SUP-003,2024-01-03,291,51.5,14986.94,Outbound,3383,434,Yes
INV-0261,PRD-015,Sugar 50kg,Perishables,WH-004,SUP-008,2024-11-29,112,141.57,15855.52,Transfer,2681,246,Yes
INV-0262,PRD-011,PCB Assembly,Electronics,WH-001,SUP-002,2024-11-29,303,1053.86,319319.75,Inbound,1484,313,Yes
INV-0263,PRD-015,Sugar 50kg,Perishables,WH-002,SUP-001,2024-07-22,413,133.1,54970.29,Transfer,356,104,Yes
INV-0264,PRD-005,Wheat Flour 50kg,Perishables,WH-005,SUP-002,2024-06-20,155,141.9,21994.84,Adjustment,1149,358,Yes
INV-0265,PRD-008,Bubble Wrap Roll,Packaging,WH-003,SUP-004,2024-02-27,179,42.33,7576.72,Adjustment,2157,467,Yes
INV-0266,PRD-003,Corrugated Box L,Packaging,WH-001,SUP-006,2024-05-31,300,12.82,3846.96,Outbound,1487,412,Yes
INV-0267,PRD-014,Alternator 12V,Automotive,WH-004,SUP-007,2024-09-20,177,820.3,145192.95,Inbound,1563,171,Yes
INV-0268,PRD-008,Bubble Wrap Roll,Packaging,WH-003,SUP-004,2024-01-04,143,44.82,6408.58,Adjustment,2237,268,Yes
INV-0269,PRD-005,Wheat Flour 50kg,Perishables,WH-005,SUP-001,2024-05-13,344,138.58,47673.01,Outbound,558,441,No
INV-0270,PRD-002,Steel Rod 10mm,Raw Materials,WH-004,SUP-005,2024-03-22,217,91.08,19764.16,Transfer,1011,427,No
INV-0271,PRD-015,Sugar 50kg,Perishables,WH-003,SUP-006,2024-11-10,123,124.12,15266.97,Outbound,3967,178,Yes
INV-0272,PRD-008,Bubble Wrap Roll,Packaging,WH-005,SUP-006,2024-07-31,369,46.68,17224.51,Adjustment,4453,440,Yes
INV-0273,PRD-014,Alternator 12V,Automotive,WH-002,SUP-004,2024-12-14,396,933.57,369693.21,Inbound,4354,328,Yes
INV-0274,PRD-009,Engine Filter,Automotive,WH-003,SUP-002,2024-10-15,67,512.65,34347.29,Outbound,4741,374,Yes
INV-0275,PRD-003,Corrugated Box L,Packaging,WH-002,SUP-006,2024-09-23,236,11.15,2631.1,Outbound,4827,350,Yes
INV-0276,PRD-002,Steel Rod 10mm,Raw Materials,WH-005,SUP-008,2024-01-29,242,79.3,19191.52,Adjustment,3792,388,Yes
INV-0277,PRD-001,Microcontroller Board,Electronics,WH-005,SUP-008,2024-12-10,423,439.67,185980.02,Inbound,3293,230,Yes
INV-0278,PRD-014,Alternator 12V,Automotive,WH-001,SUP-004,2024-10-23,47,811.08,38120.62,Transfer,572,377,No
INV-0279,PRD-001,Microcontroller Board,Electronics,WH-001,SUP-008,2024-01-17,156,451.0,70355.61,Outbound,3493,291,Yes
INV-0280,PRD-015,Sugar 50kg,Perishables,WH-004,SUP-008,2024-07-12,202,119.61,24160.84,Outbound,2898,160,Yes
INV-0281,PRD-003,Corrugated Box L,Packaging,WH-005,SUP-007,2024-09-27,75,12.98,973.77,Outbound,78,487,No
INV-0282,PRD-001,Microcontroller Board,Electronics,WH-003,SUP-008,2024-12-10,378,466.25,176242.54,Adjustment,1931,226,Yes
INV-0283,PRD-008,Bubble Wrap Roll,Packaging,WH-003,SUP-003,2024-05-21,106,51.05,5410.86,Inbound,313,438,No
INV-0284,PRD-007,Aluminium Sheet 2mm,Raw Materials,WH-005,SUP-001,2024-05-03,115,192.53,22141.27,Inbound,3707,406,Yes
INV-0285,PRD-011,PCB Assembly,Electronics,WH-001,SUP-004,2024-01-23,215,1110.71,238803.68,Outbound,512,171,No
INV-0286,PRD-009,Engine Filter,Automotive,WH-003,SUP-004,2024-10-21,173,584.85,101178.44,Transfer,1990,254,Yes
INV-0287,PRD-015,Sugar 50kg,Perishables,WH-002,SUP-004,2024-07-30,163,125.94,20528.63,Outbound,3549,384,Yes
INV-0288,PRD-008,Bubble Wrap Roll,Packaging,WH-001,SUP-006,2024-11-25,353,44.79,15810.16,Transfer,3460,309,Yes
INV-0289,PRD-003,Corrugated Box L,Packaging,WH-003,SUP-007,2024-04-04,396,12.41,4915.86,Outbound,1896,253,Yes
INV-0290,PRD-014,Alternator 12V,Automotive,WH-002,SUP-008,2024-01-30,297,892.82,265167.76,Adjustment,4615,371,Yes
INV-0291,PRD-003,Corrugated Box L,Packaging,WH-004,SUP-004,2024-05-10,114,11.79,1344.15,Inbound,3734,289,Yes
INV-0292,PRD-002,Steel Rod 10mm,Raw Materials,WH-005,SUP-004,2024-01-27,147,84.51,12423.68,Inbound,646,196,Yes
INV-0293,PRD-013,Stretch Film Roll,Packaging,WH-005,SUP-004,2024-09-02,116,72.63,8424.96,Transfer,2533,107,Yes
INV-0294,PRD-004,Brake Pad Set,Automotive,WH-002,SUP-002,2024-09-02,478,307.41,146940.76,Outbound,3299,222,Yes
INV-0295,PRD-009,Engine Filter,Automotive,WH-003,SUP-005,2024-07-13,248,578.71,143520.33,Transfer,2576,233,Yes
INV-0296,PRD-006,Sensor Module v2,Electronics,WH-005,SUP-008,2024-08-26,60,858.55,51512.95,Adjustment,2673,204,Yes
INV-0297,PRD-006,Sensor Module v2,Electronics,WH-003,SUP-007,2024-01-24,298,870.5,259407.97,Outbound,182,233,No
INV-0298,PRD-009,Engine Filter,Automotive,WH-005,SUP-007,2024-05-31,88,531.47,46769.08,Outbound,3161,391,Yes
INV-0299,PRD-014,Alternator 12V,Automotive,WH-002,SUP-008,2024-10-08,345,1010.92,348767.7,Transfer,2158,490,Yes
INV-0300,PRD-014,Alternator 12V,Automotive,WH-004,SUP-008,2024-08-23,96,964.04,92548.01,Transfer,1436,171,Yes
INV-0301,PRD-012,Copper Wire 100m,Raw Materials,WH-005,SUP-008,2024-04-04,479,437.71,209664.55,Inbound,4342,117,Yes
INV-0302,PRD-014,Alternator 12V,Automotive,WH-001,SUP-001,2024-01-04,221,831.59,183781.8,Outbound,606,462,No
INV-0303,PRD-003,Corrugated Box L,Packaging,WH-001,SUP-004,2024-09-15,243,11.92,2896.46,Adjustment,4046,108,Yes
INV-0304,PRD-001,Microcontroller Board,Electronics,WH-005,SUP-007,2024-01-07,18,464.56,8362.07,Transfer,4438,246,Yes
INV-0305,PRD-001,Microcontroller Board,Electronics,WH-005,SUP-007,2024-04-01,64,508.28,32529.95,Outbound,2024,198,Yes
INV-0306,PRD-010,Rice Basmati 25kg,Perishables,WH-005,SUP-005,2024-06-30,146,120.86,17645.67,Inbound,3106,307,Yes
INV-0307,PRD-008,Bubble Wrap Roll,Packaging,WH-005,SUP-004,2024-12-22,125,43.87,5484.34,Inbound,309,147,No
INV-0308,PRD-007,Aluminium Sheet 2mm,Raw Materials,WH-004,SUP-007,2024-10-09,253,191.95,48562.35,Inbound,1453,142,Yes
INV-0309,PRD-008,Bubble Wrap Roll,Packaging,WH-004,SUP-006,2024-10-16,449,51.46,23103.61,Inbound,1932,208,Yes
INV-0310,PRD-015,Sugar 50kg,Perishables,WH-005,SUP-008,2024-05-18,33,147.04,4852.16,Transfer,4498,388,Yes
INV-0311,PRD-011,PCB Assembly,Electronics,WH-001,SUP-003,2024-06-10,18,1254.4,22579.27,Outbound,3312,139,Yes
INV-0312,PRD-005,Wheat Flour 50kg,Perishables,WH-002,SUP-004,2024-10-17,437,155.73,68054.22,Transfer,3194,486,Yes
INV-0313,PRD-012,Copper Wire 100m,Raw Materials,WH-002,SUP-002,2024-09-13,391,446.0,174384.64,Inbound,850,323,No
INV-0314,PRD-004,Brake Pad Set,Automotive,WH-001,SUP-006,2024-11-05,403,337.11,135855.02,Adjustment,2723,115,Yes
INV-0315,PRD-011,PCB Assembly,Electronics,WH-003,SUP-008,2024-09-08,126,1087.85,137068.86,Adjustment,3587,195,Yes
INV-0316,PRD-011,PCB Assembly,Electronics,WH-005,SUP-007,2024-02-13,405,1160.12,469848.34,Outbound,652,142,Yes
INV-0317,PRD-005,Wheat Flour 50kg,Perishables,WH-002,SUP-007,2024-12-30,411,148.19,60904.66,Adjustment,2644,284,Yes
INV-0318,PRD-002,Steel Rod 10mm,Raw Materials,WH-001,SUP-001,2024-06-06,237,84.15,19943.13,Transfer,887,167,Yes
INV-0319,PRD-002,Steel Rod 10mm,Raw Materials,WH-002,SUP-007,2024-08-17,295,88.29,26045.03,Adjustment,896,113,Yes
INV-0320,PRD-002,Steel Rod 10mm,Raw Materials,WH-003,SUP-002,2024-11-01,316,93.17,29441.51,Adjustment,151,249,No
INV-0321,PRD-007,Aluminium Sheet 2mm,Raw Materials,WH-004,SUP-002,2024-10-13,473,241.12,114048.97,Outbound,4735,366,Yes
INV-0322,PRD-003,Corrugated Box L,Packaging,WH-004,SUP-003,2024-03-12,147,11.7,1720.4,Adjustment,1245,132,Yes
INV-0323,PRD-003,Corrugated Box L,Packaging,WH-004,SUP-005,2024-08-03,163,12.25,1997.19,Inbound,3008,228,Yes
INV-0324,PRD-004,Brake Pad Set,Automotive,WH-004,SUP-004,2024-08-22,64,298.84,19125.71,Inbound,3291,270,Yes
INV-0325,PRD-014,Alternator 12V,Automotive,WH-005,SUP-007,2024-06-17,235,875.48,205737.52,Outbound,2511,264,Yes
INV-0326,PRD-010,Rice Basmati 25kg,Perishables,WH-002,SUP-008,2024-06-09,100,125.53,12552.58,Transfer,2437,476,Yes
INV-0327,PRD-012,Copper Wire 100m,Raw Materials,WH-004,SUP-004,2024-06-15,202,378.33,76422.51,Adjustment,3040,158,Yes
INV-0328,PRD-015,Sugar 50kg,Perishables,WH-005,SUP-004,2024-10-30,289,122.85,35502.97,Inbound,3831,462,Yes
INV-0329,PRD-004,Brake Pad Set,Automotive,WH-004,SUP-005,2024-12-20,45,353.52,15908.28,Adjustment,4140,171,Yes
INV-0330,PRD-011,PCB Assembly,Electronics,WH-003,SUP-004,2024-05-09,347,1032.39,358239.12,Adjustment,3138,137,Yes
INV-0331,PRD-008,Bubble Wrap Roll,Packaging,WH-005,SUP-008,2024-10-25,215,46.51,10000.0,Adjustment,4503,118,Yes
INV-0332,PRD-013,Stretch Film Roll,Packaging,WH-003,SUP-002,2024-02-25,403,62.53,25201.1,Transfer,1412,431,Yes
INV-0333,PRD-010,Rice Basmati 25kg,Perishables,WH-001,SUP-007,2024-06-18,417,110.84,46219.25,Inbound,857,232,Yes
INV-0334,PRD-004,Brake Pad Set,Automotive,WH-005,SUP-004,2024-08-16,201,319.29,64177.44,Outbound,2875,112,Yes
INV-0335,PRD-008,Bubble Wrap Roll,Packaging,WH-001,SUP-005,2024-07-31,481,51.32,24684.65,Inbound,1210,278,Yes
INV-0336,PRD-005,Wheat Flour 50kg,Perishables,WH-003,SUP-008,2024-04-15,276,142.9,39441.07,Adjustment,849,324,No
INV-0337,PRD-012,Copper Wire 100m,Raw Materials,WH-004,SUP-006,2024-02-04,163,355.36,57923.13,Inbound,235,275,No
INV-0338,PRD-011,PCB Assembly,Electronics,WH-001,SUP-003,2024-05-04,274,1037.97,284405.05,Outbound,2761,386,Yes
INV-0339,PRD-007,Aluminium Sheet 2mm,Raw Materials,WH-004,SUP-004,2024-07-26,332,198.68,65962.99,Adjustment,3290,114,Yes
INV-0340,PRD-012,Copper Wire 100m,Raw Materials,WH-005,SUP-004,2024-08-18,313,392.88,122971.88,Inbound,1809,205,Yes
INV-0341,PRD-005,Wheat Flour 50kg,Perishables,WH-001,SUP-002,2024-10-01,105,138.8,14574.29,Outbound,3798,158,Yes
INV-0342,PRD-005,Wheat Flour 50kg,Perishables,WH-004,SUP-006,2024-11-01,208,147.4,30658.33,Inbound,2900,280,Yes
INV-0343,PRD-014,Alternator 12V,Automotive,WH-004,SUP-003,2024-12-10,371,979.14,363259.63,Inbound,1147,260,Yes
INV-0344,PRD-002,Steel Rod 10mm,Raw Materials,WH-002,SUP-005,2024-02-29,103,84.43,8696.57,Outbound,4234,298,Yes
INV-0345,PRD-007,Aluminium Sheet 2mm,Raw Materials,WH-005,SUP-003,2024-10-21,206,211.21,43509.16,Adjustment,4452,455,Yes
INV-0346,PRD-015,Sugar 50kg,Perishables,WH-002,SUP-003,2024-09-07,157,121.56,19084.86,Transfer,3744,417,Yes
INV-0347,PRD-001,Microcontroller Board,Electronics,WH-003,SUP-001,2024-09-05,79,426.95,33729.2,Adjustment,4650,358,Yes
INV-0348,PRD-011,PCB Assembly,Electronics,WH-004,SUP-007,2024-12-16,261,1104.3,288221.87,Adjustment,4053,185,Yes
INV-0349,PRD-002,Steel Rod 10mm,Raw Materials,WH-005,SUP-001,2024-04-22,159,77.19,12273.97,Outbound,4454,247,Yes
INV-0350,PRD-003,Corrugated Box L,Packaging,WH-004,SUP-008,2024-10-08,271,11.14,3018.84,Inbound,2244,496,Yes
INV-0351,PRD-009,Engine Filter,Automotive,WH-003,SUP-001,2024-08-13,289,534.6,154498.21,Adjustment,888,476,No
INV-0352,PRD-014,Alternator 12V,Automotive,WH-002,SUP-005,2024-01-17,240,859.48,206274.33,Inbound,3646,160,Yes
INV-0353,PRD-013,Stretch Film Roll,Packaging,WH-002,SUP-004,2024-10-28,362,64.2,23239.59,Adjustment,1409,415,Yes
INV-0354,PRD-003,Corrugated Box L,Packaging,WH-002,SUP-004,2024-01-31,301,11.85,3567.59,Transfer,4939,375,Yes
INV-0355,PRD-003,Corrugated Box L,Packaging,WH-003,SUP-005,2024-05-28,303,11.6,3515.41,Inbound,1160,484,No
INV-0356,PRD-013,Stretch Film Roll,Packaging,WH-004,SUP-001,2024-05-21,453,69.16,31328.72,Outbound,2095,174,Yes
INV-0357,PRD-012,Copper Wire 100m,Raw Materials,WH-003,SUP-004,2024-12-12,211,398.72,84130.39,Transfer,3443,292,Yes
INV-0358,PRD-008,Bubble Wrap Roll,Packaging,WH-001,SUP-002,2024-07-25,273,48.94,13359.33,Transfer,3774,349,Yes
INV-0359,PRD-006,Sensor Module v2,Electronics,WH-005,SUP-001,2024-02-17,384,891.57,342362.61,Transfer,568,373,No
INV-0360,PRD-007,Aluminium Sheet 2mm,Raw Materials,WH-002,SUP-007,2024-04-18,263,203.1,53414.82,Transfer,2816,380,Yes
INV-0361,PRD-010,Rice Basmati 25kg,Perishables,WH-002,SUP-008,2024-06-24,467,117.77,54998.67,Inbound,426,150,No
INV-0362,PRD-011,PCB Assembly,Electronics,WH-004,SUP-001,2024-03-04,485,1225.85,594539.28,Adjustment,3789,100,Yes
INV-0363,PRD-007,Aluminium Sheet 2mm,Raw Materials,WH-002,SUP-003,2024-11-28,164,197.35,32364.8,Transfer,814,435,No
INV-0364,PRD-006,Sensor Module v2,Electronics,WH-003,SUP-002,2024-07-09,350,878.24,307384.37,Outbound,474,302,No
INV-0365,PRD-011,PCB Assembly,Electronics,WH-003,SUP-004,2024-08-07,345,1015.08,350202.52,Inbound,58,209,No
INV-0366,PRD-008,Bubble Wrap Roll,Packaging,WH-001,SUP-003,2024-10-30,125,46.34,5792.97,Adjustment,126,104,No
INV-0367,PRD-012,Copper Wire 100m,Raw Materials,WH-003,SUP-002,2024-08-04,365,363.89,132818.78,Inbound,1925,296,Yes
INV-0368,PRD-002,Steel Rod 10mm,Raw Materials,WH-001,SUP-002,2024-06-09,198,95.22,18853.76,Outbound,3185,496,Yes
INV-0369,PRD-014,Alternator 12V,Automotive,WH-002,SUP-003,2024-02-05,281,926.33,260299.37,Outbound,3655,279,Yes
INV-0370,PRD-012,Copper Wire 100m,Raw Materials,WH-002,SUP-003,2024-07-29,325,417.94,135830.57,Outbound,760,151,Yes
INV-0371,PRD-003,Corrugated Box L,Packaging,WH-001,SUP-007,2024-06-28,229,11.74,2689.26,Outbound,2079,241,Yes
INV-0372,PRD-011,PCB Assembly,Electronics,WH-001,SUP-004,2024-10-10,317,1155.0,366135.69,Transfer,269,437,No
INV-0373,PRD-015,Sugar 50kg,Perishables,WH-003,SUP-004,2024-09-22,320,133.56,42739.03,Adjustment,2471,430,Yes
INV-0374,PRD-001,Microcontroller Board,Electronics,WH-002,SUP-008,2024-07-16,67,432.12,28952.15,Inbound,4377,106,Yes
INV-0375,PRD-006,Sensor Module v2,Electronics,WH-003,SUP-003,2024-07-17,450,865.6,389519.91,Adjustment,3043,379,Yes
INV-0376,PRD-011,PCB Assembly,Electronics,WH-002,SUP-008,2024-02-07,18,1151.52,20727.45,Inbound,2197,210,Yes
INV-0377,PRD-001,Microcontroller Board,Electronics,WH-001,SUP-007,2024-09-16,156,475.71,74211.42,Adjustment,3519,459,Yes
INV-0378,PRD-007,Aluminium Sheet 2mm,Raw Materials,WH-001,SUP-003,2024-05-22,52,205.27,10674.05,Outbound,1322,374,Yes
INV-0379,PRD-006,Sensor Module v2,Electronics,WH-004,SUP-002,2024-06-07,367,787.31,288942.69,Outbound,524,225,No
INV-0380,PRD-002,Steel Rod 10mm,Raw Materials,WH-004,SUP-002,2024-08-20,323,89.44,28888.37,Transfer,1488,161,Yes
INV-0381,PRD-001,Microcontroller Board,Electronics,WH-002,SUP-001,2024-03-24,264,512.21,135224.58,Transfer,1417,290,Yes
INV-0382,PRD-003,Corrugated Box L,Packaging,WH-003,SUP-002,2024-01-16,181,13.22,2393.06,Transfer,4341,132,Yes
INV-0383,PRD-005,Wheat Flour 50kg,Perishables,WH-005,SUP-002,2024-09-11,243,143.88,34962.2,Inbound,4142,390,Yes
INV-0384,PRD-003,Corrugated Box L,Packaging,WH-003,SUP-003,2024-05-10,405,11.11,4499.03,Inbound,1921,479,Yes
INV-0385,PRD-009,Engine Filter,Automotive,WH-001,SUP-001,2024-01-07,135,510.44,68909.05,Transfer,3187,176,Yes
INV-0386,PRD-003,Corrugated Box L,Packaging,WH-001,SUP-007,2024-04-24,174,11.54,2008.79,Transfer,2272,139,Yes
INV-0387,PRD-010,Rice Basmati 25kg,Perishables,WH-003,SUP-002,2024-09-14,354,123.8,43826.4,Outbound,1878,364,Yes
INV-0388,PRD-001,Microcontroller Board,Electronics,WH-004,SUP-002,2024-08-26,453,436.76,197852.06,Transfer,2731,144,Yes
INV-0389,PRD-009,Engine Filter,Automotive,WH-004,SUP-001,2024-07-07,112,544.82,61020.21,Transfer,2037,337,Yes
INV-0390,PRD-006,Sensor Module v2,Electronics,WH-005,SUP-008,2024-04-10,385,877.59,337870.78,Outbound,1283,103,Yes
INV-0391,PRD-015,Sugar 50kg,Perishables,WH-004,SUP-001,2024-04-29,287,128.26,36810.27,Inbound,2794,100,Yes
INV-0392,PRD-013,Stretch Film Roll,Packaging,WH-004,SUP-005,2024-02-23,115,67.11,7717.59,Outbound,3489,351,Yes
INV-0393,PRD-001,Microcontroller Board,Electronics,WH-002,SUP-005,2024-02-17,32,508.64,16276.59,Adjustment,3101,334,Yes
INV-0394,PRD-012,Copper Wire 100m,Raw Materials,WH-001,SUP-002,2024-09-15,78,413.13,32224.03,Adjustment,663,403,No
INV-0395,PRD-010,Rice Basmati 25kg,Perishables,WH-001,SUP-007,2024-12-05,76,105.51,8018.85,Transfer,2630,301,Yes
INV-0396,PRD-012,Copper Wire 100m,Raw Materials,WH-003,SUP-006,2024-08-19,149,373.78,55692.79,Outbound,1165,499,No
INV-0397,PRD-013,Stretch Film Roll,Packaging,WH-005,SUP-002,2024-03-20,64,61.17,3914.95,Adjustment,2622,308,Yes
INV-0398,PRD-002,Steel Rod 10mm,Raw Materials,WH-005,SUP-006,2024-04-16,241,83.05,20015.42,Transfer,1032,146,Yes
INV-0399,PRD-003,Corrugated Box L,Packaging,WH-003,SUP-001,2024-04-20,437,13.37,5842.57,Outbound,797,464,No
INV-0400,PRD-004,Brake Pad Set,Automotive,WH-003,SUP-007,2024-09-19,35,342.17,11976.11,Transfer,1474,115,Yes
INV-0401,PRD-007,Aluminium Sheet 2mm,Raw Materials,WH-004,SUP-004,2024-02-18,246,194.35,47810.13,Outbound,1044,106,Yes
INV-0402,PRD-001,Microcontroller Board,Electronics,WH-002,SUP-003,2024-04-11,431,450.07,193978.21,Inbound,4820,400,Yes
INV-0403,PRD-005,Wheat Flour 50kg,Perishables,WH-001,SUP-001,2024-02-03,111,157.59,17492.2,Adjustment,1105,147,Yes
INV-0404,PRD-015,Sugar 50kg,Perishables,WH-003,SUP-002,2024-01-22,492,131.98,64935.31,Outbound,4751,321,Yes
INV-0405,PRD-014,Alternator 12V,Automotive,WH-004,SUP-008,2024-01-16,205,953.01,195368.05,Outbound,2949,209,Yes
INV-0406,PRD-015,Sugar 50kg,Perishables,WH-002,SUP-005,2024-05-23,238,145.71,34679.28,Inbound,2063,431,Yes
INV-0407,PRD-005,Wheat Flour 50kg,Perishables,WH-004,SUP-007,2024-10-08,255,128.13,32674.24,Transfer,3187,170,Yes
INV-0408,PRD-007,Aluminium Sheet 2mm,Raw Materials,WH-002,SUP-004,2024-11-18,420,217.54,91367.63,Inbound,3183,500,Yes
INV-0409,PRD-012,Copper Wire 100m,Raw Materials,WH-003,SUP-008,2024-10-05,410,398.26,163285.06,Transfer,3231,238,Yes
INV-0410,PRD-003,Corrugated Box L,Packaging,WH-001,SUP-006,2024-11-01,122,10.89,1328.33,Transfer,529,341,No
INV-0411,PRD-009,Engine Filter,Automotive,WH-003,SUP-004,2024-03-22,61,538.7,32860.7,Outbound,2233,373,Yes
INV-0412,PRD-014,Alternator 12V,Automotive,WH-001,SUP-004,2024-10-21,443,1019.64,451701.8,Adjustment,2956,188,Yes
INV-0413,PRD-003,Corrugated Box L,Packaging,WH-002,SUP-006,2024-12-23,193,13.54,2613.59,Inbound,2930,390,Yes
INV-0414,PRD-010,Rice Basmati 25kg,Perishables,WH-002,SUP-004,2024-09-09,287,107.5,30852.2,Adjustment,360,146,No
INV-0415,PRD-001,Microcontroller Board,Electronics,WH-002,SUP-004,2024-01-11,279,458.77,127997.88,Transfer,1700,166,Yes
INV-0416,PRD-006,Sensor Module v2,Electronics,WH-002,SUP-006,2024-01-31,21,730.8,15346.88,Outbound,958,369,No
INV-0417,PRD-014,Alternator 12V,Automotive,WH-003,SUP-002,2024-07-10,370,1010.58,373913.83,Adjustment,4850,151,Yes
INV-0418,PRD-006,Sensor Module v2,Electronics,WH-003,SUP-006,2024-03-10,90,844.81,76032.78,Adjustment,4041,432,Yes
INV-0419,PRD-006,Sensor Module v2,Electronics,WH-002,SUP-006,2024-04-24,350,816.85,285895.85,Outbound,3149,257,Yes
INV-0420,PRD-012,Copper Wire 100m,Raw Materials,WH-003,SUP-003,2024-03-31,383,351.18,134500.14,Adjustment,4698,116,Yes
INV-0421,PRD-003,Corrugated Box L,Packaging,WH-005,SUP-006,2024-11-09,123,12.72,1564.43,Inbound,4114,172,Yes
INV-0422,PRD-006,Sensor Module v2,Electronics,WH-001,SUP-004,2024-06-26,173,734.74,127109.68,Inbound,2800,328,Yes
INV-0423,PRD-001,Microcontroller Board,Electronics,WH-003,SUP-004,2024-05-07,364,412.63,150196.2,Transfer,935,468,No
INV-0424,PRD-001,Microcontroller Board,Electronics,WH-001,SUP-007,2024-08-12,385,452.21,174101.23,Outbound,3441,352,Yes
INV-0425,PRD-015,Sugar 50kg,Perishables,WH-004,SUP-006,2024-10-06,202,120.3,24299.88,Adjustment,4785,433,Yes
INV-0426,PRD-013,Stretch Film Roll,Packaging,WH-002,SUP-003,2024-08-19,47,71.49,3359.88,Inbound,2465,110,Yes
INV-0427,PRD-006,Sensor Module v2,Electronics,WH-003,SUP-002,2024-02-07,185,735.17,136006.55,Adjustment,1368,474,No
INV-0428,PRD-002,Steel Rod 10mm,Raw Materials,WH-005,SUP-002,2024-06-22,314,97.44,30595.25,Adjustment,303,320,No
INV-0429,PRD-011,PCB Assembly,Electronics,WH-002,SUP-007,2024-03-21,37,1017.85,37660.3,Outbound,1606,309,Yes
INV-0430,PRD-012,Copper Wire 100m,Raw Materials,WH-005,SUP-005,2024-12-04,154,380.0,58519.47,Inbound,456,301,No
INV-0431,PRD-010,Rice Basmati 25kg,Perishables,WH-005,SUP-008,2024-03-19,37,108.92,4030.14,Adjustment,767,250,Yes
INV-0432,PRD-014,Alternator 12V,Automotive,WH-005,SUP-008,2024-04-12,59,806.73,47596.85,Outbound,2440,141,Yes
INV-0433,PRD-008,Bubble Wrap Roll,Packaging,WH-001,SUP-005,2024-07-22,251,46.0,11546.59,Transfer,796,428,No
INV-0434,PRD-009,Engine Filter,Automotive,WH-004,SUP-003,2024-07-08,463,557.4,258077.28,Outbound,3701,122,Yes
INV-0435,PRD-005,Wheat Flour 50kg,Perishables,WH-004,SUP-008,2024-05-14,125,155.3,19412.22,Inbound,1288,485,No
INV-0436,PRD-012,Copper Wire 100m,Raw Materials,WH-001,SUP-002,2024-12-08,186,429.8,79942.35,Adjustment,4881,216,Yes
INV-0437,PRD-009,Engine Filter,Automotive,WH-001,SUP-007,2024-09-24,224,639.19,143178.08,Adjustment,4741,220,Yes
INV-0438,PRD-008,Bubble Wrap Roll,Packaging,WH-003,SUP-002,2024-07-21,472,50.11,23650.42,Inbound,4163,392,Yes
INV-0439,PRD-015,Sugar 50kg,Perishables,WH-005,SUP-003,2024-03-02,496,141.61,70237.88,Outbound,1419,208,Yes
INV-0440,PRD-013,Stretch Film Roll,Packaging,WH-002,SUP-003,2024-01-22,226,59.77,13508.81,Adjustment,1704,421,Yes
INV-0441,PRD-003,Corrugated Box L,Packaging,WH-005,SUP-005,2024-06-12,476,12.98,6179.1,Inbound,762,298,No
INV-0442,PRD-009,Engine Filter,Automotive,WH-004,SUP-006,2024-05-21,276,568.14,156807.19,Inbound,4863,367,Yes
INV-0443,PRD-013,Stretch Film Roll,Packaging,WH-004,SUP-002,2024-07-31,86,60.91,5238.11,Inbound,915,388,No
INV-0444,PRD-013,Stretch Film Roll,Packaging,WH-001,SUP-005,2024-10-01,460,64.09,29480.42,Adjustment,2213,296,Yes
INV-0445,PRD-011,PCB Assembly,Electronics,WH-004,SUP-008,2024-01-20,98,1065.74,104442.41,Outbound,3340,119,Yes
INV-0446,PRD-007,Aluminium Sheet 2mm,Raw Materials,WH-003,SUP-004,2024-01-26,391,213.95,83654.04,Transfer,3101,110,Yes
INV-0447,PRD-006,Sensor Module v2,Electronics,WH-003,SUP-005,2024-05-23,441,797.87,351858.79,Inbound,1917,168,Yes
INV-0448,PRD-005,Wheat Flour 50kg,Perishables,WH-004,SUP-006,2024-05-17,383,140.59,53844.84,Inbound,1589,326,Yes
INV-0449,PRD-004,Brake Pad Set,Automotive,WH-004,SUP-008,2024-09-21,454,317.91,144332.42,Inbound,4271,181,Yes
INV-0450,PRD-002,Steel Rod 10mm,Raw Materials,WH-003,SUP-007,2024-03-10,409,94.59,38687.32,Inbound,1473,198,Yes
INV-0451,PRD-015,Sugar 50kg,Perishables,WH-002,SUP-001,2024-05-07,26,131.83,3427.7,Transfer,1681,240,Yes
INV-0452,PRD-006,Sensor Module v2,Electronics,WH-004,SUP-007,2024-11-21,482,726.16,350006.81,Inbound,2031,290,Yes
INV-0453,PRD-008,Bubble Wrap Roll,Packaging,WH-005,SUP-008,2024-03-31,455,45.84,20856.77,Transfer,2870,183,Yes
INV-0454,PRD-014,Alternator 12V,Automotive,WH-003,SUP-002,2024-05-25,24,887.01,21288.26,Outbound,4737,499,Yes
INV-0455,PRD-004,Brake Pad Set,Automotive,WH-002,SUP-004,2024-12-12,115,309.53,35595.57,Adjustment,4254,110,Yes
INV-0456,PRD-014,Alternator 12V,Automotive,WH-001,SUP-008,2024-03-08,341,839.54,286282.17,Inbound,1883,229,Yes
INV-0457,PRD-010,Rice Basmati 25kg,Perishables,WH-003,SUP-005,2024-08-04,468,109.35,51177.24,Transfer,3810,229,Yes
INV-0458,PRD-004,Brake Pad Set,Automotive,WH-004,SUP-005,2024-12-12,276,353.94,97688.78,Adjustment,4838,152,Yes
INV-0459,PRD-001,Microcontroller Board,Electronics,WH-005,SUP-006,2024-10-14,341,471.8,160883.6,Transfer,2495,450,Yes
INV-0460,PRD-002,Steel Rod 10mm,Raw Materials,WH-004,SUP-002,2024-06-21,151,90.11,13607.01,Transfer,2189,435,Yes
INV-0461,PRD-012,Copper Wire 100m,Raw Materials,WH-003,SUP-004,2024-03-17,274,425.63,116623.65,Inbound,4965,306,Yes
INV-0462,PRD-011,PCB Assembly,Electronics,WH-003,SUP-003,2024-01-14,345,1126.78,388738.25,Transfer,2175,314,Yes
INV-0463,PRD-007,Aluminium Sheet 2mm,Raw Materials,WH-004,SUP-001,2024-10-25,372,241.22,89735.54,Outbound,2861,471,Yes
INV-0464,PRD-012,Copper Wire 100m,Raw Materials,WH-002,SUP-008,2024-12-09,193,400.46,77289.4,Outbound,4623,192,Yes
INV-0465,PRD-005,Wheat Flour 50kg,Perishables,WH-001,SUP-008,2024-03-06,389,135.05,52535.54,Outbound,2799,435,Yes
INV-0466,PRD-002,Steel Rod 10mm,Raw Materials,WH-002,SUP-006,2024-04-24,391,95.02,37152.01,Adjustment,2764,290,Yes
INV-0467,PRD-005,Wheat Flour 50kg,Perishables,WH-005,SUP-005,2024-08-25,445,130.12,57904.45,Inbound,4830,397,Yes
INV-0468,PRD-010,Rice Basmati 25kg,Perishables,WH-001,SUP-008,2024-04-09,266,102.29,27210.45,Adjustment,4390,252,Yes
INV-0469,PRD-007,Aluminium Sheet 2mm,Raw Materials,WH-001,SUP-003,2024-03-11,112,206.99,23182.9,Adjustment,1223,261,Yes
INV-0470,PRD-014,Alternator 12V,Automotive,WH-002,SUP-002,2024-09-06,180,941.4,169452.86,Outbound,2617,424,Yes
INV-0471,PRD-001,Microcontroller Board,Electronics,WH-001,SUP-008,2024-05-20,117,490.63,57404.21,Outbound,4770,491,Yes
INV-0472,PRD-003,Corrugated Box L,Packaging,WH-004,SUP-002,2024-03-07,324,12.1,3920.77,Adjustment,3354,319,Yes
INV-0473,PRD-008,Bubble Wrap Roll,Packaging,WH-004,SUP-001,2024-01-20,283,42.74,12096.39,Transfer,165,264,No
INV-0474,PRD-013,Stretch Film Roll,Packaging,WH-005,SUP-004,2024-01-10,356,58.57,20849.86,Outbound,1903,455,Yes
INV-0475,PRD-015,Sugar 50kg,Perishables,WH-003,SUP-005,2024-03-07,62,129.47,8026.85,Transfer,1418,133,Yes
INV-0476,PRD-014,Alternator 12V,Automotive,WH-001,SUP-005,2024-05-28,243,962.94,233995.05,Transfer,3602,451,Yes
INV-0477,PRD-003,Corrugated Box L,Packaging,WH-003,SUP-008,2024-07-02,394,11.37,4477.92,Adjustment,206,216,No
INV-0478,PRD-004,Brake Pad Set,Automotive,WH-002,SUP-004,2024-01-12,311,328.37,102123.28,Inbound,3053,464,Yes
INV-0479,PRD-011,PCB Assembly,Electronics,WH-001,SUP-007,2024-11-23,140,1202.09,168293.11,Inbound,4915,124,Yes
INV-0480,PRD-011,PCB Assembly,Electronics,WH-001,SUP-001,2024-01-25,363,1021.84,370928.72,Adjustment,3165,163,Yes
INV-0481,PRD-009,Engine Filter,Automotive,WH-003,SUP-008,2024-12-25,88,532.77,46883.7,Inbound,2516,315,Yes
INV-0482,PRD-011,PCB Assembly,Electronics,WH-001,SUP-005,2024-11-14,320,1182.7,378463.92,Adjustment,909,361,No
INV-0483,PRD-012,Copper Wire 100m,Raw Materials,WH-005,SUP-002,2024-05-24,68,427.51,29070.96,Adjustment,1677,411,Yes
INV-0484,PRD-004,Brake Pad Set,Automotive,WH-003,SUP-004,2024-07-02,370,320.78,118688.78,Outbound,372,380,No
INV-0485,PRD-008,Bubble Wrap Roll,Packaging,WH-002,SUP-008,2024-06-18,130,40.53,5269.0,Inbound,954,393,No
INV-0486,PRD-011,PCB Assembly,Electronics,WH-004,SUP-003,2024-02-16,409,1130.72,462464.06,Inbound,2146,429,Yes
INV-0487,PRD-004,Brake Pad Set,Automotive,WH-004,SUP-005,2024-05-15,247,292.01,72125.58,Outbound,373,248,No
INV-0488,PRD-006,Sensor Module v2,Electronics,WH-003,SUP-007,2024-02-29,58,867.99,50343.59,Inbound,129,170,No
INV-0489,PRD-011,PCB Assembly,Electronics,WH-002,SUP-006,2024-07-02,467,1110.37,518543.49,Transfer,811,290,No
INV-0490,PRD-014,Alternator 12V,Automotive,WH-003,SUP-003,2024-02-28,215,890.06,191361.97,Adjustment,2276,297,Yes
INV-0491,PRD-012,Copper Wire 100m,Raw Materials,WH-004,SUP-007,2024-11-28,463,428.7,198487.49,Inbound,1135,456,No
INV-0492,PRD-012,Copper Wire 100m,Raw Materials,WH-001,SUP-003,2024-02-23,223,439.84,98085.35,Adjustment,4710,447,Yes
INV-0493,PRD-008,Bubble Wrap Roll,Packaging,WH-002,SUP-007,2024-07-02,323,40.82,13186.21,Outbound,4007,349,Yes
INV-0494,PRD-002,Steel Rod 10mm,Raw Materials,WH-004,SUP-008,2024-01-24,42,82.06,3446.49,Transfer,151,460,No
INV-0495,PRD-014,Alternator 12V,Automotive,WH-005,SUP-004,2024-12-08,457,876.27,400456.26,Inbound,3595,438,Yes
INV-0496,PRD-012,Copper Wire 100m,Raw Materials,WH-002,SUP-008,2024-06-26,349,416.94,145511.65,Adjustment,1267,385,Yes
INV-0497,PRD-015,Sugar 50kg,Perishables,WH-005,SUP-001,2024-01-06,339,147.37,49957.44,Adjustment,4111,184,Yes
INV-0498,PRD-002,Steel Rod 10mm,Raw Materials,WH-004,SUP-006,2024-05-03,179,97.12,17383.69,Inbound,4202,214,Yes
INV-0499,PRD-009,Engine Filter,Automotive,WH-004,SUP-007,2024-04-30,50,568.27,28413.66,Adjustment,771,355,No
INV-0500,PRD-008,Bubble Wrap Roll,Packaging,WH-003,SUP-002,2024-09-11,391,47.85,18709.52,Inbound,3354,311,Yes
